g_event_id,sid,time,r_dow,r_hod,a_er_cat,a_app_id,a_campaign_type_id,a_camp_id,a_group_id,r_source_id,c_id,r_site_id,r_site_iab_cats,r_country_id,r_region_code,r_platform,r_network_type,r_traffic_type,c_type,c_cta,c_text,c_size,s_gerry_type,s_caesar_id,response
-4,0,1568674030.151,0,22,0,1088,2,25181,25738,74,6371265,28120963,14,32,07,IOS,wifi,app,IMAGE,,,3000250,,,1
-4,0,1568674088.068,0,22,2,1852,2,6568,15851,74,6390046,28187327,9,237,IA,ANDROID,wifi,app,HTML,Watch Now,"Stream the latest episodes, for free!",3200050,,,1
-4,0,1568675539.065,0,23,2,1923,2,6603,14538,253,6352683,28217007,9,237,GA,IOS,wifi,app,VIDEO,,,3200480,,,1
-4,0,1568675701.965,0,23,2,1923,2,6603,14537,253,6352683,28250105,9,237,,IOS,cellular,app,VIDEO,,,3200480,,,1
-4,0,1568676129.304,0,23,2,1851,2,6570,25928,209,6363278,28245778,"1,9,9,9",237,FL,IOS,wifi,app,IMAGE,,,7280090,,,1
-4,0,1568676475.428,0,23,0,536,2,25714,27392,74,6391932,28120963,14,177,15,IOS,cellular,app,IMAGE,,,3000250,,,1
-4,0,1568677169.86,0,23,0,2303,2,6623,15669,74,6386224,28120963,14,101,00,IOS,wifi,app,IMAGE,,,3000250,3,,1
-4,0,1568677726.56,0,23,0,1061,2,6652,14758,69,6376675,5140364,"1,1,24",106,02,ANDROID,wifi,app,HTML,Unduh sekarang,"Ini buatmu, diskon sampai 50RB!",3000250,,,1
-4,0,1568678287.718,0,23,0,1061,2,25697,27493,69,6392896,5140364,"1,1,24",106,04,ANDROID,cellular,app,HTML,Pesan Sekarang,{product.description} - Kode Promo:  {product.custom_label_1},3000250,,,1
-4,0,1568678374.609,0,23,0,1087,2,25179,25179,253,6359210,28582373,9,32,,ANDROID,wifi,app,VIDEO,,,3200480,,,1
-4,0,1568678394.431,0,23,0,1061,2,6652,14758,74,6376677,28224292,3,106,04,ANDROID,cellular,app,NATIVE,Unduh sekarang,Kodo Promo: GRAB4W,0,,,1
-4,0,1568678479.795,1,0,0,1061,2,6652,14758,74,6376677,28224292,3,106,38,ANDROID,cellular,app,NATIVE,Unduh sekarang,Kodo Promo: GRAB4W,0,,,1
-4,0,1568678498.304,1,0,0,1061,2,25697,27493,74,6392898,28224292,3,106,04,ANDROID,cellular,app,NATIVE,Pesan Sekarang,{product.description} - Kode Promo:  {product.custom_label_1},0,,,1
-4,0,1568678513.475,1,0,0,1061,2,25697,27493,74,6392898,28224292,3,106,26,ANDROID,cellular,app,NATIVE,Pesan Sekarang,{product.description} - Kode Promo:  {product.custom_label_1},0,,,1
-4,0,1568678521.946,1,0,2,1852,2,6568,15383,253,6361284,28244614,9,237,,ANDROID,cellular,app,HTML,,,3200480,,,1
-4,0,1568678523.24,1,0,0,1061,2,6652,14758,74,6376677,28224292,3,106,26,ANDROID,cellular,app,NATIVE,Unduh sekarang,Kodo Promo: GRAB4W,0,,,1
-4,0,1568678553.073,1,0,2,1852,2,6568,15851,253,6380063,28113075,9,237,,ANDROID,cellular,app,VIDEO,,,7681024,,,1
-4,0,1568678615.651,1,0,2,1852,2,6568,15851,74,6393189,28131695,17,237,AL,ANDROID,cellular,app,HTML,Watch Now,,3200480,,,1
-4,0,1568678628.873,1,0,0,1061,2,6652,14760,74,6376678,28224292,3,106,08,ANDROID,cellular,app,NATIVE,Unduh sekarang,Kodo Promo: GRAB2W,0,,,1
-4,0,1568678637.901,1,0,0,1061,2,25697,27493,74,6392898,28224292,3,106,08,ANDROID,cellular,app,NATIVE,Pesan Sekarang,{product.description} - Kode Promo:  {product.custom_label_1},0,,,1
-4,0,1568678683.603,1,0,0,2416,2,25664,27147,69,6390874,28710537,"17,9,9",104,25,ANDROID,cellular,app,IMAGE,,,4800320,,,1
-4,0,1568678685.377,1,0,0,1061,2,6652,14758,69,6376677,21032817,"14,3",106,04,ANDROID,cellular,app,NATIVE,Unduh sekarang,Kodo Promo: GRAB4W,0,,,1
-4,0,1568678703.869,1,0,1,2268,2,6644,26969,253,6392087,26371300,9,32,30,ANDROID,wifi,app,VIDEO,,,4800320,,,1
-4,0,1568678708.288,1,0,0,1061,2,6652,14760,259,6376673,25885878,9,106,30,ANDROID,cellular,app,HTML,Unduh sekarang,"Ini buatmu, diskon sampai 50RB!",4800320,,,1
-4,0,1568678714.509,1,0,0,1681,2,6473,14023,253,6390917,27629088,9,23,,ANDROID,wifi,app,VIDEO,,,10801920,,,1
-4,0,1568678720.463,1,0,0,1061,2,25697,27493,74,6392898,28224292,3,106,04,ANDROID,cellular,app,NATIVE,Pesan Sekarang,{product.description} - Kode Promo:  {product.custom_label_1},0,,,1
-4,0,1568678742.251,1,0,0,2339,2,6842,26846,74,6376574,28250166,"1,9",45,12,ANDROID,cellular,app,VIDEO,,,10240768,,,1
-4,0,1568678789.034,1,0,2,1923,2,6603,14537,253,6352683,20079904,9,237,MA,IOS,wifi,app,VIDEO,,,3200480,,,1
-4,0,1568678813.763,1,0,0,1061,2,25697,27493,69,6392898,26371908,"1,1",106,04,ANDROID,cellular,app,NATIVE,Pesan Sekarang,{product.description} - Kode Promo:  {product.custom_label_1},0,,,1
-4,0,1568678818.412,1,0,0,1061,2,25697,27493,74,6392898,28224292,3,106,32,ANDROID,cellular,app,NATIVE,Pesan Sekarang,{product.description} - Kode Promo:  {product.custom_label_1},0,,,1
-4,0,1568678818.96,1,0,0,1061,2,25426,26202,69,6392789,26539460,3,244,20,ANDROID,wifi,app,IMAGE,,,3200480,,,1
-4,0,1568678833.587,1,0,2,1852,2,6568,15851,178,6390053,25944336,9,237,GA,ANDROID,cellular,app,HTML,Watch Now,"Stream the latest episodes, for free!",3200480,,,1
-4,0,1568678841.85,1,0,0,1061,2,25697,27493,74,6392898,28224292,3,106,08,ANDROID,cellular,app,NATIVE,Pesan Sekarang,{product.description} - Kode Promo:  {product.custom_label_1},0,,,1
-4,0,1568678845.451,1,0,0,1061,2,25697,27493,74,6392898,28224292,3,106,04,ANDROID,cellular,app,NATIVE,Pesan Sekarang,{product.description} - Kode Promo:  {product.custom_label_1},0,,,1
-4,0,1568678873.855,1,0,0,1061,2,25697,27493,74,6392898,28224292,3,106,08,ANDROID,cellular,app,NATIVE,Pesan Sekarang,{product.description} - Kode Promo:  {product.custom_label_1},0,,,1
-4,0,1568678888.307,1,0,0,1061,2,6652,14760,69,6376678,5302488,24,106,04,ANDROID,cellular,app,NATIVE,Unduh sekarang,Kodo Promo: GRAB2W,0,,,1
-4,0,1568678892.174,1,0,0,1725,2,25611,26933,253,6390386,28582571,9,159,07,IOS,cellular,app,IMAGE,,,3200480,,,1
-4,0,1568678905.022,1,0,0,930,2,25555,26683,74,6359438,28121214,9,10,07,ANDROID,cellular,app,IMAGE,,,3200480,,,1
-4,0,1568678906.971,1,0,0,1061,2,25697,27493,69,6392896,28014499,"14,3",106,04,ANDROID,cellular,app,HTML,Pesan Sekarang,{product.description} - Kode Promo:  {product.custom_label_1},3000250,,,1
-4,0,1568678911.777,1,0,0,1060,2,25420,26165,69,6381854,5140352,"1,1",106,08,IOS,wifi,app,HTML,Pesan Sekarang,Cari menu lokal kini lebih mudah dengan GrabFood,3200480,2,,1
-4,0,1568936850.757,3,23,0,1061,2,25697,27281,69,6392059,27037534,"1,9,9",106,08,ANDROID,cellular,app,HTML,Pesan Sekarang, {product.description},3200480,,,1
-4,0,1568936870.998,3,23,0,1061,2,6652,14760,69,6376675,5140364,"1,1,24",106,07,ANDROID,cellular,app,HTML,Unduh sekarang,"Ini buatmu, diskon sampai 50RB!",3000250,,,1
-4,0,1568936874.408,3,23,0,1061,2,6652,14758,69,6376675,5302488,24,106,04,ANDROID,cellular,app,HTML,Unduh sekarang,"Ini buatmu, diskon sampai 50RB!",3000250,,,1
-4,0,1568936892.449,3,23,0,1061,2,25697,27493,69,6392896,5140364,"1,1,24",106,08,ANDROID,cellular,app,HTML,Pesan Sekarang,{product.description} - Kode Promo:  {product.custom_label_1},3000250,,,1
-4,0,1568936897.283,3,23,0,1061,2,25734,27495,74,6392923,315404,"1,9",202,00,ANDROID,wifi,app,IMAGE,,,3200050,,,1
-4,0,1568936919.92,3,23,0,1061,2,6652,14758,69,6376678,26813865,3,106,04,ANDROID,cellular,app,NATIVE,Unduh sekarang,Kodo Promo: GRAB2W,0,,,1
-4,0,1568936924.809,3,23,0,1061,2,25734,27495,69,6392916,564071,24,202,00,ANDROID,wifi,app,IMAGE,,,3200050,,,1
-4,0,1568936964.787,3,23,0,1061,2,25401,27497,69,6381957,27734524,3,106,04,ANDROID,cellular,app,NATIVE,Pesan Sekarang,Cara mudah mencari menulokal sekitar adalah dengan membuka aplikasi GrabFood,0,,,1
-4,0,1568936996.439,3,23,0,1061,2,25697,27493,69,6392894,27398144,"9,9",106,26,ANDROID,cellular,app,HTML,Pesan Sekarang,{product.description} - Kode Promo:  {product.custom_label_1},3200480,,,1
-4,0,1568937028.225,3,23,0,1061,2,25697,27493,69,6392894,27614436,"9,9",106,04,ANDROID,cellular,app,HTML,Pesan Sekarang,{product.description} - Kode Promo:  {product.custom_label_1},3200480,,,1
-4,0,1568937057.611,3,23,0,1883,2,6528,14476,253,6388341,28582482,9,10,07,ANDROID,wifi,app,IMAGE,,,4800320,0,,1
-4,0,1568937071.046,3,23,0,1061,2,25697,27493,69,6392896,5140364,"1,1,24",106,08,ANDROID,wifi,app,HTML,Pesan Sekarang,{product.description} - Kode Promo:  {product.custom_label_1},3000250,,,1
-4,0,1568937072.009,3,23,0,1061,2,25401,27497,69,6391328,5140364,"1,1,24",106,26,ANDROID,cellular,app,IMAGE,,,3000250,,,1
-4,0,1568937079.302,3,23,0,1061,2,25401,27497,69,6381855,5140364,"1,1,24",106,04,ANDROID,wifi,app,HTML,Pesan Sekarang,Cari menu lokal kini lebih mudah dengan GrabFood,3000250,,,1
-4,0,1568937080.623,3,23,0,535,2,25224,26826,253,6389683,28582431,9,49,29,ANDROID,wifi,app,IMAGE,,,3200480,,,1
-4,0,1568937091.218,3,23,0,2416,2,25664,27148,69,6390881,69644,"1,3",104,19,ANDROID,wifi,app,IMAGE,,,3200480,,,1
-4,0,1568937119.39,3,23,1,2268,2,6644,14737,253,6393118,27844410,9,32,,ANDROID,wifi,app,IMAGE,,,4800320,,,1
-4,0,1568937123.428,3,23,0,1061,2,6652,14760,69,6376675,26539460,3,106,04,ANDROID,cellular,app,HTML,Unduh sekarang,"Ini buatmu, diskon sampai 50RB!",3000250,,,1
-4,0,1568937132.516,3,23,0,1061,2,25697,27493,69,6392896,5140364,"1,1,24",106,04,ANDROID,cellular,app,HTML,Pesan Sekarang,{product.description} - Kode Promo:  {product.custom_label_1},3000250,,,1
-4,0,1568937135.803,3,23,0,1061,2,6652,14760,69,6376661,27459947,"7,9,9",106,04,ANDROID,wifi,app,HTML,Unduh sekarang,"Ini buatmu, diskon sampai 50RB!",3200480,,,1
-4,0,1568937188.728,3,23,1,2268,2,6644,14737,253,6392086,28582431,9,32,,ANDROID,wifi,app,VIDEO,,,3200480,,,1
-4,0,1568937191.342,3,23,0,1061,2,25401,27497,69,6381957,27734524,3,106,30,ANDROID,cellular,app,NATIVE,Pesan Sekarang,Cara mudah mencari menulokal sekitar adalah dengan membuka aplikasi GrabFood,0,,,1
-4,0,1568937200.948,3,23,0,2213,2,6639,14719,69,6372697,26773518,3,178,D9,ANDROID,wifi,app,HTML,Shop Now,LOWEST PRICES on Shopee's daily Flash Deals!,3200480,,,1
-4,0,1568937202.578,3,23,0,1061,2,6652,14760,69,6376678,25382542,3,106,26,ANDROID,cellular,app,NATIVE,Unduh sekarang,Kodo Promo: GRAB2W,0,,,1
-4,0,1568937204.706,3,23,0,1061,2,25697,27493,69,6392896,5140364,"1,1,24",106,04,ANDROID,wifi,app,HTML,Pesan Sekarang,{product.description} - Kode Promo:  {product.custom_label_1},3000250,,,1
-4,0,1568937211.739,3,23,0,1061,2,25401,27497,69,6381956,27734524,3,106,08,ANDROID,cellular,app,NATIVE,Pesan Sekarang,"Ada banyak pilihan menu siap saji, biar GrabFood yang mengantar sampai lokasi",0,,,1
-4,0,1568937213.515,3,23,1,2463,2,25696,27295,69,6392047,28080652,"1,1,9,9",178,D9,ANDROID,wifi,app,IMAGE,,,3200480,3,,1
-4,0,1568937268.44,3,23,0,535,2,25707,27336,99,6392549,28035118,,177,15,ANDROID,cellular,app,NATIVE,Usa Cabify,Disfruta de 3 viajes con 15% de descuento,0,,,1
-4,0,1568937284.707,3,23,0,1061,2,25722,27410,69,6392481,28050617,"1,9,9",178,D9,ANDROID,wifi,app,IMAGE,,,3200480,,,1
-4,0,1568937317.284,3,23,0,1882,2,6941,16061,253,6373898,28582490,9,177,,IOS,wifi,app,VIDEO,,,3200480,0,,1
-4,0,1568937317.686,3,23,0,2410,2,25254,27179,69,6390905,25373589,"1,9,9",67,11,ANDROID,cellular,app,HTML,اطلب الآن,{product.custom_label_2},3200480,,,1
-4,0,1568937317.904,3,23,0,1061,2,6652,14760,69,6376678,25690114,"14,24",106,04,ANDROID,wifi,app,NATIVE,Unduh sekarang,Kodo Promo: GRAB2W,0,,,1
-4,0,1568937336.968,3,23,0,1061,2,6652,14760,69,6376676,27614436,"9,9",106,08,ANDROID,cellular,app,HTML,Unduh sekarang,"Ini buatmu, diskon sampai 50RB!",3200480,,,1
-4,0,1568937349.792,3,23,0,1061,2,25697,27493,74,6392898,28224292,3,106,04,ANDROID,cellular,app,NATIVE,Pesan Sekarang,{product.description} - Kode Promo:  {product.custom_label_1},0,,,1
-4,0,1568937374.042,3,23,0,1061,2,25697,27493,69,6392894,408796,"24,9,9",106,30,ANDROID,wifi,app,HTML,Pesan Sekarang,{product.description} - Kode Promo:  {product.custom_label_1},3200480,,,1
-4,0,1568937407.783,3,23,1,2463,2,25696,27406,74,6393549,28182677,"1,9",178,F2,ANDROID,cellular,app,VIDEO,,,3200480,1,,1
-4,0,1568937424.467,3,23,0,1061,2,25697,27493,74,6392898,28224292,3,106,32,ANDROID,cellular,app,NATIVE,Pesan Sekarang,{product.description} - Kode Promo:  {product.custom_label_1},0,,,1
-4,0,1568937441.042,3,23,0,1061,2,25697,27281,69,6392061,5140364,"1,1,24",106,04,ANDROID,cellular,app,HTML,Pesan Sekarang, {product.description},3000250,,,1
-4,0,1568937453.2,3,23,0,2410,2,25254,27303,69,6390899,26813865,3,67,11,ANDROID,wifi,app,HTML,	 اطلب الآن,استمتع بالأكل من   {product.title},3200480,,,1
-4,0,1568937461.478,3,23,0,1061,2,25697,27281,69,6392059,28236284,"1,1,9,9",106,26,ANDROID,cellular,app,HTML,Pesan Sekarang, {product.description},3200480,,,1
-4,0,1568937464.726,3,23,1,2463,2,25696,27296,69,6392454,28014499,"14,3",178,F2,ANDROID,cellular,app,NATIVE,Redeem Trial,Redeem Your Trial & Watch Desperate Housewives,0,2,,1
-4,0,1568937469.129,3,23,0,2182,2,25602,26857,74,6387648,28131144,9,237,VA,ANDROID,wifi,app,HTML,Shop Now,Deals every hour | up to 80% off,3200480,,,1
-4,0,1568937494.239,3,23,0,1999,2,6750,15432,99,6370169,2523379,,32,27,ANDROID,cellular,app,NATIVE,Peça no app,O gás tá no fim? Experimenta chamar!,0,,,1
-4,0,1568937550.287,3,23,0,1061,2,25697,27493,69,6392896,26329784,"1,9,9",106,30,ANDROID,cellular,app,HTML,Pesan Sekarang,{product.description} - Kode Promo:  {product.custom_label_1},3000250,,,1
-4,0,1568937561.26,3,23,0,2416,2,25664,27149,69,6390881,69644,"1,3",104,02,ANDROID,wifi,app,IMAGE,,,3200480,,,1
-4,0,1568937561.349,3,23,0,2182,2,25602,26860,259,6387718,20332976,9,237,MI,ANDROID,cellular,app,HTML,Shop Now, {product.title},3200480,,,1
-4,0,1568937585.384,3,23,0,1061,2,25697,27493,74,6392898,28224292,3,106,08,ANDROID,cellular,app,NATIVE,Pesan Sekarang,{product.description} - Kode Promo:  {product.custom_label_1},0,,,1
g_event_id,sid,time,r_dow,r_hod,a_er_cat,a_app_id,a_campaign_type_id,a_camp_id,a_group_id,r_source_id,c_id,r_site_id,r_site_iab_cats,r_country_id,r_region_code,r_platform,r_network_type,r_traffic_type,c_type,c_cta,c_text,c_size,s_gerry_type,s_caesar_id,response
-4,0,1568663550.471,0,19,0,2214,2,6732,15102,69,6372771,28490031,"3,9,9",244,23,ANDROID,cellular,app,HTML,XEM NGAY,ƯU ĐÃI ĐẾN 60%,3200480,,,0
-4,0,1568664021.907,0,20,0,1087,2,25179,25740,253,6371282,28641080,24,32,,ANDROID,wifi,app,IMAGE,,,3200480,,,0
-4,0,1568664036.777,0,20,0,1061,2,25401,26160,69,6381865,27629513,"9,9",106,30,ANDROID,cellular,app,HTML,Pesan Sekarang,"Saat waktu tak memberi 
banyak pilihan, cek GrabFood",4800320,0,,0
-4,0,1568664172.648,0,20,0,2214,2,6732,15102,259,6372757,28586913,9,244,44,ANDROID,wifi,app,HTML,XEM NGAY,ƯU ĐÃI ĐẾN 60%,3200480,,,0
-4,0,1568664426.786,0,20,0,1088,2,25181,26511,74,6381396,28120963,14,32,07,IOS,wifi,app,IMAGE,,,3000250,,,0
-4,0,1568664955.647,0,20,0,489,2,25122,25122,253,5853696,27844410,9,32,27,ANDROID,wifi,app,IMAGE,,,4800320,,,0
-4,0,1568665299.536,0,20,0,1883,2,6491,14205,259,6374579,20332976,9,146,31,ANDROID,cellular,app,IMAGE,,,3200480,,,0
-4,0,1568665943.665,0,20,0,535,2,25228,26353,253,6389569,28222703,9,146,09,ANDROID,wifi,app,IMAGE,,,3200480,,,0
-4,0,1568666125.317,0,20,0,1883,2,6491,14466,69,6372238,26491542,"1,1,5",146,,ANDROID,cellular,app,NATIVE,PIDE AHORA,Dónde va tu pedido? Síguelo en tiempo real!,0,1,,0
-4,0,1568666262.47,0,20,0,930,2,25555,26683,69,6359436,26773518,3,10,07,ANDROID,cellular,app,IMAGE,,,3000250,,,0
-4,0,1568666274.461,0,20,0,1487,2,25356,26720,69,6374880,28153864,"14,3",32,21,ANDROID,wifi,app,NATIVE,Compre Agora,Use o Cupom: CALCADOS15 e ganhe 15% de Desconto em Calçados!,0,3,,0
-4,0,1568666484.322,0,20,0,1088,2,25181,25181,69,6371277,11442,"14,24",32,27,IOS,cellular,app,IMAGE,,,3200050,,,0
-4,0,1568666813.726,0,20,0,1087,2,25179,26510,69,6371282,27836801,"9,9",32,15,ANDROID,wifi,app,IMAGE,,,3200480,,,0
-4,0,1568666972.362,0,20,0,930,2,25555,26682,69,6359440,28175271,"24,3",10,05,ANDROID,cellular,app,NATIVE,Recargá ahora,¡No te quedes sin saldo!,0,,,0
-4,0,1568667783.6,0,21,0,930,2,25482,26577,99,6379442,28137768,,32,,ANDROID,,app,HTML,ABRIR O APP,,3200480,,,0
-4,0,1568667841.03,0,21,0,930,2,25482,26490,69,6379444,28153864,"14,3",32,06,ANDROID,wifi,app,NATIVE,ABRIR O APP,Coloque créditos no seu celular a qualquer hora!,0,,,0
-4,0,1568667846.164,0,21,0,2363,2,25440,27075,253,6383473,20332098,9,10,07,ANDROID,cellular,app,HTML,Pedí un Glovo,Entrega en minutos,3200050,1,,0
-4,0,1568667996.026,0,21,0,1087,2,25179,25835,69,6371282,27873948,"1,1,9,9",32,27,ANDROID,cellular,app,IMAGE,,,3200480,,,0
-4,0,1568668015.24,0,21,0,930,2,25482,26490,253,6379442,28582441,1,32,13,ANDROID,wifi,app,HTML,ABRIR O APP,,3200480,,,0
-4,0,1568668046.017,0,21,0,2154,2,25170,25170,253,6385049,28160125,9,32,21,ANDROID,cellular,app,IMAGE,,,4800320,,,0
-4,0,1568668199.735,0,21,0,2182,2,25602,26857,253,6387667,28202405,9,237,,ANDROID,wifi,app,HTML,Shop Now,Up to 70% off,3200050,,,0
-4,0,1568668431.091,0,21,0,930,2,25555,26682,259,6359439,20306412,9,10,04,ANDROID,wifi,app,IMAGE,,,4800320,,,0
-4,0,1568668443.088,0,21,0,1999,2,25662,27118,69,6374254,27661100,3,32,27,ANDROID,wifi,app,NATIVE,Peça já,App do gás? É no Chama!,0,,,0
-4,0,1568668563.451,0,21,0,2117,2,25160,26745,99,6384585,27299428,,237,,ANDROID,,app,NATIVE,Order Now,Get anything delivered,0,,,0
-4,0,1568668613.638,0,21,0,930,2,25482,26490,259,6379442,26159967,9,32,27,ANDROID,cellular,app,HTML,ABRIR O APP,,3200480,,,0
-4,0,1568669143.497,0,21,0,1088,2,25181,25840,74,6381396,28120963,14,32,27,IOS,wifi,app,IMAGE,,,3000250,,,0
-4,0,1568669236.541,0,21,0,2154,2,25476,26459,253,6389907,28641080,24,32,,ANDROID,cellular,app,IMAGE,,,3200480,,,0
-4,0,1568669254.325,0,21,0,536,2,25227,26352,74,6391917,28120963,14,66,18,IOS,cellular,app,IMAGE,,,3000250,,,0
-4,0,1568669438.309,0,21,0,930,2,25482,26490,168,6379438,27386999,"19,19,3",32,,ANDROID,cellular,app,HTML,ABRIR O APP,,3200480,,,0
-4,0,1568669459.037,0,21,0,930,2,25555,26682,253,6359438,28582415,9,10,01,ANDROID,wifi,app,IMAGE,,,3200480,,,0
-4,0,1568669582.197,0,21,0,2416,2,25664,27148,69,6390881,28492220,"15,15,24",104,24,ANDROID,cellular,app,IMAGE,,,3200480,,,0
-4,0,1568669870.312,0,21,0,2304,2,6629,15676,69,6376350,27817395,"1,1,9,9",101,00,ANDROID,cellular,app,NATIVE,立即預訂,幫你搵至抵優惠價格，慳高達50%,0,3,,0
-4,0,1568669996.989,0,21,0,1087,2,25179,25835,69,6371265,26773518,3,32,21,ANDROID,wifi,app,IMAGE,,,3000250,,,0
-4,0,1568670004.161,0,21,0,1061,2,6652,14758,69,6376678,27734527,3,106,08,ANDROID,cellular,app,NATIVE,Unduh sekarang,Kodo Promo: GRAB2W,0,,,0
-4,0,1568670076.237,0,21,0,2213,2,6639,14723,69,6388961,27734524,3,178,K1,ANDROID,wifi,app,NATIVE,Shop Now,₱{product.sale_price} |  {product.title},0,,,0
-4,0,1568670214.406,0,21,0,536,2,25225,26341,74,6389685,28120963,14,49,34,IOS,cellular,app,IMAGE,,,3000250,,,0
-4,0,1568670452.867,0,21,0,1088,2,25181,25840,253,6381399,28596915,9,32,15,IOS,wifi,app,IMAGE,,,3200480,,,0
-4,0,1568670569.881,0,21,0,2363,2,25639,27002,99,6383902,25483459,,10,07,ANDROID,wifi,app,NATIVE,Pedí un Glovo,Descubrí los mejores restaurantes de nuestra ciudad,0,,,0
-4,0,1568670584.727,0,21,0,2320,2,6573,15222,69,6356452,26329784,"1,9,9",32,26,ANDROID,cellular,app,IMAGE,,,3200050,3,,0
-4,0,1568670593.997,0,21,0,1061,2,25426,26202,69,6392788,26129742,"1,1",244,78,ANDROID,wifi,app,IMAGE,,,3200050,,,0
-4,0,1568670637.653,0,21,0,1087,2,25179,25179,253,6371272,28135141,9,32,02,ANDROID,wifi,app,IMAGE,,,3200480,,,0
-4,0,1568670642.206,0,21,0,1088,2,25181,25840,74,6371265,28120963,14,32,21,IOS,cellular,app,IMAGE,,,3000250,,,0
-4,0,1568670680.827,0,21,0,1883,2,6932,16056,253,6373904,26490692,9,177,15,ANDROID,cellular,app,VIDEO,,,3200480,0,,0
-4,0,1568670706.066,0,21,0,1883,2,6932,16056,253,6373896,28126468,9,177,,ANDROID,cellular,app,VIDEO,,,3200480,0,,0
-4,0,1568670781.908,0,21,0,930,2,25555,26682,74,6359438,27672495,1,10,04,ANDROID,cellular,app,IMAGE,,,3200480,,,0
-4,0,1568670961.14,0,21,0,1061,2,25640,27098,69,6389443,26539460,3,137,14,ANDROID,cellular,app,IMAGE,,,3000250,,,0
-4,0,1568670986.685,0,21,0,1061,2,25401,27497,69,6381956,27765271,3,106,04,ANDROID,cellular,app,NATIVE,Pesan Sekarang,"Ada banyak pilihan menu siap saji, biar GrabFood yang mengantar sampai lokasi",0,,,0
-4,0,1568671003.07,0,21,1,2249,2,6635,27324,253,6382661,20080263,9,237,,ANDROID,cellular,app,HTML,See Homes,The most homes for sale nationwide,3200480,,,0
-4,0,1568671005.935,0,21,0,1087,2,25179,25179,259,5533185,28109051,9,32,27,ANDROID,wifi,app,VIDEO,,,4800320,,,0
-4,0,1568671207.46,0,22,0,1088,2,25181,25181,74,6371285,28120963,14,32,27,IOS,cellular,app,IMAGE,,,3000250,,,0
-4,0,1568671389.199,0,22,0,930,2,25482,26490,69,6379443,26329784,"1,9,9",32,07,ANDROID,cellular,app,HTML,ABRIR O APP,,3200050,,,0
-4,0,1568671420.207,0,22,0,1933,2,25603,27171,69,6391127,28153864,"14,3",32,27,ANDROID,wifi,app,NATIVE,Compre agora,Cinema + Desconto: Curta os filmes mais esperados!,0,2,,0
-4,0,1568671491.685,0,22,0,2480,2,25624,26946,69,6388802,28014499,"14,3",104,19,ANDROID,cellular,app,HTML,Let's Ride,It's stressful & tiring,3000250,,,0
-4,0,1568671517.326,0,22,0,1061,2,6653,27470,69,6392845,28014499,"14,3",244,44,ANDROID,wifi,app,IMAGE,,,3000250,,,0
-4,0,1568671709.795,0,22,0,2154,2,25476,26459,69,6386377,5140364,"1,1,24",32,21,ANDROID,wifi,app,IMAGE,,,3000250,,,0
-4,0,1568671737.5,0,22,0,1087,2,25179,25179,253,6381399,28046350,9,32,30,ANDROID,wifi,app,IMAGE,,,3200480,,,0
-4,0,1568671802.47,0,22,0,1061,2,25401,27497,69,6381958,27765271,3,106,04,ANDROID,cellular,app,NATIVE,Pesan Sekarang,Cara mudah mencari menulokal sekitar adalah dengan membuka aplikasi GrabFood,0,,,0
-4,0,1568671870.481,0,22,0,1087,2,25179,25835,168,6381399,27386999,"19,19,3",32,21,ANDROID,wifi,app,IMAGE,,,3200480,,,0
-4,0,1568671979.066,0,22,3,2316,2,6590,26951,74,6371885,28121260,1,32,27,ANDROID,cellular,app,IMAGE,,,3200480,2,,0
-4,0,1568672084.746,0,22,0,2154,2,25476,26459,253,6389907,28582441,1,32,,ANDROID,cellular,app,IMAGE,,,3200480,,,0
-4,0,1568672141.729,0,22,0,2213,2,6639,14723,69,6388961,27734524,3,178,F2,ANDROID,cellular,app,NATIVE,Shop Now,₱{product.sale_price} |  {product.title},0,,,0
-4,0,1568672187.931,0,22,0,536,2,25225,26344,74,6389686,28120963,14,49,02,IOS,wifi,app,IMAGE,,,3000250,,,0
-4,0,1568672439.288,0,22,0,1699,2,4941,26873,253,6387895,28641080,24,85,04,ANDROID,cellular,app,HTML,Jetzt Buchen, {product.custom_label_1},3200480,,,0
-4,0,1568672459.872,0,22,3,2316,2,6590,26546,74,6371880,28120955,9,32,21,ANDROID,wifi,app,IMAGE,,,3200050,0,,0
-4,0,1568672463.947,0,22,0,1992,2,25403,26865,69,6387835,26357695,5,32,21,ANDROID,wifi,app,IMAGE,,,3200480,,,0
-4,0,1568672572.516,0,22,0,1061,2,6652,14758,69,6376677,27765271,3,106,04,ANDROID,cellular,app,NATIVE,Unduh sekarang,Kodo Promo: GRAB4W,0,,,0
-4,0,1568672700.708,0,22,0,2213,2,6639,14723,69,6388961,27734527,3,178,20,ANDROID,cellular,app,NATIVE,Shop Now,₱{product.sale_price} |  {product.title},0,,,0
-4,0,1568672720.537,0,22,0,1061,2,6652,14758,69,6376677,27734524,3,106,26,ANDROID,cellular,app,NATIVE,Unduh sekarang,Kodo Promo: GRAB4W,0,,,0
-4,0,1568672788.74,0,22,0,2416,2,25664,27148,69,6390877,28501347,"12,24",104,23,ANDROID,wifi,app,IMAGE,,,3200480,,,0
-4,0,1568672835.109,0,22,0,2154,2,25476,26459,69,6386377,26773518,3,32,21,ANDROID,wifi,app,IMAGE,,,3000250,,,0
-4,0,1568672890.056,0,22,0,1992,2,25403,26865,44,6392813,26037250,3,32,27,ANDROID,cellular,app,IMAGE,,,3000250,,,0
-4,0,1568672891.325,0,22,0,1999,2,25662,27118,69,6374246,27322361,"9,9,9",32,23,ANDROID,wifi,app,IMAGE,,,3200480,,,0
-4,0,1568672901.953,0,22,0,2339,2,25357,25851,69,6378875,21032817,"14,3",49,34,ANDROID,cellular,app,NATIVE,Viaja Ahora,Estás Listo Para Viajar con Beat,0,,,0
-4,0,1568672931.101,0,22,0,2339,2,6841,15724,69,6392864,28014499,"14,3",177,15,ANDROID,wifi,app,IMAGE,,,3000250,,,0
-4,0,1568672971.337,0,22,0,2339,2,6842,26847,69,6376967,28457110,"1,14",45,12,ANDROID,cellular,app,NATIVE,Mejores Tarifas,¡No te muevas sin las mejores tarifas de Beat!,0,,,0
-4,0,1568672989.421,0,22,0,1999,2,25662,27118,69,6374255,27661100,3,32,15,ANDROID,cellular,app,NATIVE,Peça agora,o app do gás,0,,,0
-4,0,1568672990.091,0,22,0,2339,2,6841,15724,69,6392864,5140364,"1,1,24",177,15,ANDROID,wifi,app,IMAGE,,,3000250,,,0
-4,0,1568673076.872,0,22,0,1992,2,25403,26865,253,6387835,28582441,1,32,,ANDROID,wifi,app,IMAGE,,,3200480,,,0
-4,0,1568673099.939,0,22,0,2116,2,25165,26748,74,6389876,28120963,14,237,CA,IOS,wifi,app,IMAGE,,,3000250,,,0
-4,0,1568673168.175,0,22,0,2339,2,6842,26847,168,6375059,636865,"1,12",45,12,ANDROID,cellular,app,IMAGE,,,3200480,,,0
-4,0,1568673211.353,0,22,3,2464,2,25692,27245,253,6391859,20107006,9,32,,ANDROID,cellular,app,IMAGE,,,4800320,,,0
-4,0,1568673252.655,0,22,0,1359,2,25238,25726,253,6373543,28635340,19,236,R3,ANDROID,wifi,app,IMAGE,,,3200480,3,,0
-4,0,1568673293.232,0,22,0,1088,2,25181,25181,74,6381396,28120963,14,32,22,IOS,wifi,app,IMAGE,,,3000250,,,0
-4,0,1568673296.953,0,22,0,1087,2,25179,25179,253,5533185,26052167,9,32,,ANDROID,wifi,app,VIDEO,,,4800320,,,0
-4,0,1568673382.792,0,22,0,536,2,25742,27506,74,6389411,28120963,14,10,05,IOS,cellular,app,IMAGE,,,3000250,,,0
-4,0,1568673448.84,0,22,0,2154,2,25170,25170,253,6385048,26941351,19,32,27,ANDROID,cellular,app,IMAGE,,,3200480,,,0
-4,0,1568673629.352,0,22,0,1999,2,25662,27118,178,6370168,26242888,3,32,27,ANDROID,cellular,app,IMAGE,,,3000250,,,0
-4,0,1568673707.996,0,22,0,2116,2,25165,27468,259,6388119,26983494,9,237,NC,IOS,wifi,app,IMAGE,,,3200480,,,0
-4,0,1568673744.252,0,22,0,930,2,25482,26577,69,6379438,27814728,"1,1,9,9",32,17,ANDROID,wifi,app,HTML,ABRIR O APP,,3200480,,,0
-4,0,1568673808.813,0,22,0,1883,2,6932,16056,69,6374605,28014499,"14,3",177,04,ANDROID,wifi,app,IMAGE,,,3000250,0,,0
-4,0,1568673904.432,0,22,1,2463,2,25696,27279,259,6392054,28616144,9,178,F2,ANDROID,wifi,app,IMAGE,,,3200480,,,0
-4,0,1568673911.928,0,22,0,2214,2,6732,15102,259,6372757,28616168,9,244,78,ANDROID,wifi,app,HTML,XEM NGAY,ƯU ĐÃI ĐẾN 60%,3200480,,,0
-4,0,1568673952.095,0,22,0,930,2,25482,26490,74,6386525,28131572,"1,9",32,27,ANDROID,wifi,app,VIDEO,,,4800320,,,0
-4,0,1568673966.243,0,22,0,1061,2,25401,26155,69,6381854,26934323,"5,9,9",106,04,ANDROID,cellular,app,HTML,Pesan Sekarang,Cari menu lokal kini lebih mudah dengan GrabFood,3200480,1,,0
-4,0,1568673993.649,0,22,0,432,2,6791,15441,253,6378958,28161116,9,32,,ANDROID,wifi,app,HTML,VER MAIS,Saindo de {custom_label_2},3200480,,,0
-4,0,1568673994.694,0,22,0,2210,2,6835,27114,209,6379360,28196851,19,237,TX,ANDROID,cellular,app,IMAGE,,,3000250,,,0
-4,0,1568674037.634,0,22,0,2117,2,25160,26745,253,6389888,28220640,24,237,FL,ANDROID,wifi,app,IMAGE,,,3200480,,,0
-4,0,1568674061.944,0,22,0,1883,2,6932,16056,99,6375982,28035118,,177,15,ANDROID,wifi,app,NATIVE,PIDE AHORA,Haz las compras desde donde estés,0,0,,0
